/**
 * Product
 */
insert into Product(Pname,stock,image,price,salePrice,description,addedDate)
	values('雪碧',1000,'image/xuebi.jpg',2.0,3.5,'雪碧的描述balabalabala','2010-1-8');

insert into Product(Pname,stock,image,price,salePrice,description,addedDate)
	values('可乐',1000,'image/kele.jpg',2.0,3.5,'可乐的描述balabalabala','2010-1-8');

	insert into Product(Pname,stock,image,price,salePrice,description,addedDate) 
    values ('wade 韦德悟道男子文化鞋',1000,'static/img/product/wade.png',400.0,499.0,'此款黑色wade悟道男子文化鞋，鞋面采用弹性纺织的材料，结合交叉松紧绑带设计，贴合舒适之余，尽显时尚魅力，加入袜套元素，潮流前卫。','2017-7-20');
  
insert into Product(Pname,stock,image,price,salePrice,description,addedDate) 
    values ('Stussy LOGO印花网状连衣裙  ',299,'static/img/product/stussy.png',216.0,499.0,'Stussy品牌由Laguna Beach的冲浪者Shawn Stussy在八十年代末九十年代初创立。他的目标是将时尚界的典型元素与运动装的典型元素相结合，打造一种全新的非主流的风格。Stussy迅速获得成功，他为重新定义新的着装风格以及人们的意识形态做出了贡献，创造了人们今天所说的休闲装的概念。','2017-7-20');
   
insert into Product(Pname,stock,image,price,salePrice,description,addedDate) 
    values ('MADNESS WHATEVER WORKS PHOTO PRINT TEE 
',1000,'static/img/product/madness.png',200.0,459.0,'经过不断尝试、创新，MADNESS 造就出 2017 S/S 系列，今季不论在制作工序、物料原产地甚至是 剪裁设计方面，MADNESS 再次提升至更高級別，创作出跟海洋、军事元素连线的系列，为都市人 打造高品质的時尚 BASIC WEAR。','2017-7-20');
  
insert into Product(Pname,stock,image,price,salePrice,description,addedDate) 
    values ('NEFF DAILY WILD 暗黑骷髅手表 ',1000,'static/img/product/NEFF DAILY WILD.png',300.0,385.0,'NEFF  来自美国板类运动天堂加州，其产品设计新颖，质量一流，世界上许多单板和滑板的专业滑手对NEFF帽子、帽衫都情有独钟。 NEFF 的产品让你每天都有全新的心情，去享受生活中的乐趣，这也是Neff公司一直倡导的过优质、充实、有趣的完美生活。','2017-7-20');
  
insert into Product(Pname,stock,image,price,salePrice,description,addedDate) 
    values ('Lightning Bear kids 男潮童 110-150码 赛车印花T恤 ',1000,'static/img/product/Lightning Bear kids.png',92.8,148.0,'迈克尔·舒马赫这位日耳曼硬汉是每个赛车迷心中的NO.1，一场突如其来的意外让这位车坛名将至今仍与死神在搏斗，又有多少赛车迷爸迷妈想让自家小主像舒马赫一样地叱咤赛道。话说玩儿赛车除了充沛的体力和财力之外，还得从小抓起，中国CKC青少年卡丁车锦标赛、中国儿童摩托车锦标赛都是国内少儿级别的热门竞速大赛，迷爸迷妈们，骚动起来吧！','2017-7-20');
  
insert into Product(Pname,stock,image,price,salePrice,description,addedDate) 
    values ('5cm 字母印花长版背心',1000,'static/img/product/5cm.png',79.8,140.0,'I.T旗下的自家品牌5cm，自面世以来深受本地时装支持者爱戴，简约低调的街头便服概念跨过十个年头，随着潮流转变及季节交替，品牌的形象依然鲜明如昨。踏入5cm诞生的第十载，于2007年十月开幕的太古城5cm便以革新的室内装潢来打造全港首间概念专门店，独特的设计带领5cm步向品牌发展崭新的一页，并同时奠定5cm日后的风格路向。而设计方面更日趋成熟，将高级服的概念融入街头服当中，形象比以往的5cm更鲜明而华丽。','2017-7-20');
  
insert into Product(Pname,stock,image,price,salePrice,description,addedDate) 
    values ('5cm 拼贴骷髅印花T恤',1000,'static/img/product/5cm_1.png',210.0,399.0,'I.T旗下的自家品牌5cm，自面世以来深受本地时装支持者爱戴，简约低调的街头便服概念跨过十个年头，随着潮流转变及季节交替，品牌的形象依然鲜明如昨。踏入5cm诞生的第十载，于2007年十月开幕的太古城5cm便以革新的室内装潢来打造全港首间概念专门店，独特的设计带领5cm步向品牌发展崭新的一页，并同时奠定5cm日后的风格路向。而设计方面更日趋成熟，将高级服的概念融入街头服当中，形象比以往的5cm更鲜明而华丽。','2017-7-20');
  
insert into Product(Pname,stock,image,price,salePrice,description,addedDate) 
    values ('BLACKJACK 纯色多袋休闲七分裤 ',1000,'static/img/product/BLACKJACK.png',167.0,229.0,'潮流品牌BLACK JACK本季继续将推崇的硬派风格发扬光大，今次选择以军事风格做为主轴，重塑经典设计呈现崭新的军装风貌，保留经典元素的同时变得更贴近日常服所具备的休闲风格。带来多款TEE，ARMY SHORT，CHINO SHORT以及丹宁，休闲裤等百搭单品，打造一整套夏季系列。也不忘融入招牌的骷髅与迷彩元素，并将签名式 Logo 点缀其中，利落的剪裁更显军事型格，展现品牌独一无二的硬派血脉。','2017-7-20');
  
insert into Product(Pname,stock,image,price,salePrice,description,addedDate) 
    values ('Alpinestars LOGO冷帽',1000,'static/img/product/Alpinestars.png',30.0,59.0,'1963年，Alpinestars在意大利Asolo成立。专为各类摩托车/赛车运动提供高科技，高性能的保护装备（MOTOGP， MOTOCROSS，FORMULA ONE ，NASCAR。同时也涉足极限运动装备比如山地自行车和冲浪。发展至今，Alpinestars已经成为极限运动专业装备行业翘楚。','2017-7-20');
  
insert into Product(Pname,stock,image,price,salePrice,description,addedDate) 
    values ('Hipanda 男款 Logo设计拖鞋 ',1000,'static/img/product/hipanda.png',172.0,238,'HI PANDA专注国际时尚潮流动向、融入中国本土青年的街头游击文化以及hip pop音乐元素，从而建立起个性鲜明的中国街头潮流品牌。HI PANDA面向80后新生一代的中国街头青年，努力刻画和构建着他们精神，自我、装酷…反映了当今中国新一代青年的热情、渴望和他们内在的新身份识别。','2017-7-20');
  
/**
 * User
 */
insert into User(Uname,pw)
	values('user','123456');

/**
 * Index_st
 */
insert into Index_st(I_stid,I_stname)
	values(1,'男装');

insert into Index_st(I_stid,I_stname)
	values(2,'女装');

insert into Index_st(I_stid,I_stname)
	values(3,'鞋');

insert into Index_st(I_stid,I_stname)
	values(4,'服装杂饰');

insert into Index_st(I_stid,I_stname)
	values(5,'儿童');

/**
 * Index_nd
 */
insert into Index_nd(I_ndid,I_ndname,I_stid)
	values(1,'T恤',1);
insert into Index_nd(I_ndid,I_ndname,I_stid)
	values(2,'衬衫',1);
insert into Index_nd(I_ndid,I_ndname,I_stid)
	values(3,'裤子',1);
insert into Index_nd(I_ndid,I_ndname,I_stid)
	values(4,'毛衣',1);
insert into Index_nd(I_ndid,I_ndname,I_stid)
	values(5,'开衫',1);
insert into Index_nd(I_ndid,I_ndname,I_stid)
	values(6,'外套',1);
insert into Index_nd(I_ndid,I_ndname,I_stid)
	values(7,'背心',1);
insert into Index_nd(I_ndid,I_ndname,I_stid)
	values(8,'内衣',1);
insert into Index_nd(I_ndid,I_ndname,I_stid)
	values(9,'T恤',2);
insert into Index_nd(I_ndid,I_ndname,I_stid)
	values(10,'衬衫',2);
insert into Index_nd(I_ndid,I_ndname,I_stid)
	values(11,'裤·裙',2);
insert into Index_nd(I_ndid,I_ndname,I_stid)
	values(12,'毛衣',2);
insert into Index_nd(I_ndid,I_ndname,I_stid)
	values(13,'开衫',2);
insert into Index_nd(I_ndid,I_ndname,I_stid)
	values(14,'外套',2);
insert into Index_nd(I_ndid,I_ndname,I_stid)
	values(15,'内衣',2);
insert into Index_nd(I_ndid,I_ndname,I_stid)
	values(16,'女士鞋',3);
insert into Index_nd(I_ndid,I_ndname,I_stid)
	values(17,'女士休闲鞋',3);
insert into Index_nd(I_ndid,I_ndname,I_stid)
	values(18,'女士轻便运动鞋',3);
insert into Index_nd(I_ndid,I_ndname,I_stid)
	values(19,'女士靴子',3);
insert into Index_nd(I_ndid,I_ndname,I_stid)
	values(20,'男士鞋',3);
insert into Index_nd(I_ndid,I_ndname,I_stid)
	values(21,'男士休闲鞋',3);
insert into Index_nd(I_ndid,I_ndname,I_stid)
	values(22,'男士轻便运动鞋',3);
insert into Index_nd(I_ndid,I_ndname,I_stid)
	values(23,'披肩·围巾',4);
insert into Index_nd(I_ndid,I_ndname,I_stid)
	values(24,'帽子',4);
insert into Index_nd(I_ndid,I_ndname,I_stid)
	values(25,'耳罩',4);
insert into Index_nd(I_ndid,I_ndname,I_stid)
	values(26,'钱包',4);
insert into Index_nd(I_ndid,I_ndname,I_stid)
	values(27,'手套',4);
insert into Index_nd(I_ndid,I_ndname,I_stid)
	values(28,'皮带',4);
insert into Index_nd(I_ndid,I_ndname,I_stid)
	values(29,'伞·雨伞',4);
insert into Index_nd(I_ndid,I_ndname,I_stid)
	values(30,'手帕',4);
insert into Index_nd(I_ndid,I_ndname,I_stid)
	values(31,'儿童上装',5);
insert into Index_nd(I_ndid,I_ndname,I_stid)
	values(32,'儿童杂货',5);

/**
 * PType
 */
insert into PType(Pid,I_stid,I_ndid)
	values(1,5,12);

insert into PType(Pid,I_stid,I_ndid)
	values(2,5,12);

/**
 * Admin
 */
insert into Admin(Aname,pw)
	values('root','root');